,Unnamed: 0,Número_caminhão,Marca,Ano de fabricação,Data da última manutenção,Data da próxima manutenção,Status de manutenção
0,0,1001,Scania,2023-12-21,2026-01-31,2026-07-31,Ok
1,1,1002,Volvo,2023-04-23,2025-01-31,2025-07-31,Atrasada
2,2,1003,Scania,2015-10-19,2026-01-31,2026-07-31,Ok
3,3,1004,Mercedes,2012-08-24,2025-07-31,2026-01-31,Atrasada
4,4,1005,Volvo,2017-07-10,2025-07-31,2026-01-31,Atrasada
5,5,1006,Volvo,2019-09-25,2025-07-31,2026-01-31,Atrasada
6,6,1007,Scania,2023-11-30,2025-07-31,2026-01-31,Atrasada
7,7,1008,Scania,2018-09-25,2025-07-31,2026-01-31,Atrasada
8,8,1009,Volvo,2012-04-12,2025-01-31,2025-07-31,Atrasada
9,9,1010,Volvo,2014-10-18,2025-01-31,2025-07-31,Atrasada
10,10,1011,Mercedes,2018-02-21,2025-07-31,2026-01-31,Atrasada
11,11,1012,Scania,2015-11-27,2026-01-31,2026-07-31,Ok
12,12,1013,Scania,2021-10-16,2025-07-31,2026-01-31,Atrasada
13,13,1014,Volvo,2023-08-23,2025-07-31,2026-01-31,Atrasada
14,14,1015,Mercedes,2017-12-21,2026-01-31,2026-07-31,Ok
15,15,1016,Volvo,2017-10-01,2026-01-31,2026-07-31,Ok
16,16,1017,Scania,2013-12-31,2025-07-31,2026-01-31,Atrasada
17,17,1018,Mercedes,2018-07-15,2025-07-31,2026-01-31,Atrasada
18,18,1019,Mercedes,2016-02-03,2025-07-31,2026-01-31,Atrasada
19,19,1020,Mercedes,2018-07-13,2025-01-31,2025-07-31,Atrasada
20,20,1021,Mercedes,2020-03-29,2025-01-31,2025-07-31,Atrasada
21,21,1022,Scania,2012-08-25,2026-01-31,2026-07-31,Ok
22,22,1023,Volvo,2014-09-30,2026-01-31,2026-07-31,Ok
23,23,1024,Mercedes,2013-02-25,2025-07-31,2026-01-31,Atrasada
24,24,1025,Volvo,2015-10-05,2025-01-31,2025-07-31,Atrasada
25,25,1026,Volvo,2021-07-08,2026-01-31,2026-07-31,Ok
26,26,1027,Mercedes,2017-01-19,2026-01-31,2026-07-31,Ok
27,27,1028,Scania,2018-01-21,2025-01-31,2025-07-31,Atrasada
28,28,1029,Mercedes,2019-10-03,2025-07-31,2026-01-31,Atrasada
29,29,1030,Volvo,2020-06-27,2025-01-31,2025-07-31,Atrasada
30,30,1031,Volvo,2023-06-18,2026-01-31,2026-07-31,Ok
31,31,1032,Volvo,2012-04-06,2025-01-31,2025-07-31,Atrasada
32,32,1033,Volvo,2016-03-09,2025-01-31,2025-07-31,Atrasada
33,33,1034,Volvo,2017-04-06,2025-07-31,2026-01-31,Atrasada
34,34,1035,Mercedes,2016-05-06,2026-01-31,2026-07-31,Ok
35,35,1036,Scania,2013-09-30,2025-01-31,2025-07-31,Atrasada
36,36,1037,Mercedes,2021-05-27,2025-07-31,2026-01-31,Atrasada
37,37,1038,Volvo,2015-08-22,2025-07-31,2026-01-31,Atrasada
38,38,1039,Mercedes,2014-05-15,2026-01-31,2026-07-31,Ok
39,39,1040,Scania,2020-03-07,2025-01-31,2025-07-31,Atrasada
40,40,1041,Volvo,2017-07-24,2026-01-31,2026-07-31,Ok
41,41,1042,Scania,2014-06-04,2025-07-31,2026-01-31,Atrasada
42,42,1043,Mercedes,2013-05-22,2026-01-31,2026-07-31,Ok
43,43,1044,Mercedes,2015-09-12,2025-01-31,2025-07-31,Atrasada
44,44,1045,Mercedes,2013-06-05,2025-01-31,2025-07-31,Atrasada
45,45,1046,Volvo,2021-11-06,2026-01-31,2026-07-31,Ok
46,46,1047,Mercedes,2013-02-09,2026-01-31,2026-07-31,Ok
47,47,1048,Volvo,2013-01-14,2025-01-31,2025-07-31,Atrasada
48,48,1049,Mercedes,2020-10-10,2026-01-31,2026-07-31,Ok
49,49,1050,Volvo,2023-09-14,2026-01-31,2026-07-31,Ok
50,50,1051,Mercedes,2017-07-10,2025-07-31,2026-01-31,Atrasada
51,51,1052,Volvo,2016-09-22,2025-01-31,2025-07-31,Atrasada
52,52,1053,Mercedes,2018-06-02,2026-01-31,2026-07-31,Ok
53,53,1054,Mercedes,2018-01-11,2025-01-31,2025-07-31,Atrasada
54,54,1055,Volvo,2017-10-26,2025-01-31,2025-07-31,Atrasada
55,55,1056,Scania,2023-07-18,2026-01-31,2026-07-31,Ok
56,56,1057,Scania,2016-11-27,2025-07-31,2026-01-31,Atrasada
57,57,1058,Mercedes,2018-08-11,2025-07-31,2026-01-31,Atrasada
58,58,1059,Volvo,2020-05-24,2025-07-31,2026-01-31,Atrasada
59,59,1060,Scania,2015-01-11,2026-01-31,2026-07-31,Ok
60,60,1061,Scania,2018-10-25,2026-01-31,2026-07-31,Ok
61,61,1062,Mercedes,2021-04-21,2025-07-31,2026-01-31,Atrasada
62,62,1063,Scania,2020-09-24,2025-07-31,2026-01-31,Atrasada
63,63,1064,Mercedes,2012-06-09,2026-01-31,2026-07-31,Ok
64,64,1065,Volvo,2023-06-10,2026-01-31,2026-07-31,Ok
65,65,1066,Volvo,2012-11-23,2026-01-31,2026-07-31,Ok
66,66,1067,Scania,2015-11-07,2025-07-31,2026-01-31,Atrasada
67,67,1068,Scania,2018-03-25,2025-01-31,2025-07-31,Atrasada
68,68,1069,Scania,2018-08-11,2026-01-31,2026-07-31,Ok
69,69,1070,Mercedes,2016-03-21,2025-07-31,2026-01-31,Atrasada
70,70,1071,Mercedes,2023-11-29,2025-01-31,2025-07-31,Atrasada
71,71,1072,Scania,2021-07-04,2025-07-31,2026-01-31,Atrasada
72,72,1073,Mercedes,2014-07-01,2025-07-31,2026-01-31,Atrasada
73,73,1074,Volvo,2022-03-11,2026-01-31,2026-07-31,Ok
74,74,1075,Scania,2021-11-15,2025-01-31,2025-07-31,Atrasada
75,75,1076,Scania,2018-07-13,2025-01-31,2025-07-31,Atrasada
76,76,1077,Volvo,2022-12-07,2025-07-31,2026-01-31,Atrasada
77,77,1078,Scania,2022-04-23,2025-01-31,2025-07-31,Atrasada
78,78,1079,Mercedes,2013-05-14,2025-07-31,2026-01-31,Atrasada
79,79,1080,Mercedes,2016-02-28,2025-07-31,2026-01-31,Atrasada
80,80,1081,Volvo,2014-11-21,2026-01-31,2026-07-31,Ok
81,81,1082,Mercedes,2018-05-23,2026-01-31,2026-07-31,Ok
82,82,1083,Mercedes,2015-10-24,2025-07-31,2026-01-31,Atrasada
83,83,1084,Scania,2023-11-14,2025-01-31,2025-07-31,Atrasada
84,84,1085,Volvo,2022-11-25,2026-01-31,2026-07-31,Ok
85,85,1086,Volvo,2017-06-03,2025-01-31,2025-07-31,Atrasada
86,86,1087,Mercedes,2018-08-12,2025-07-31,2026-01-31,Atrasada
87,87,1088,Scania,2016-04-06,2025-01-31,2025-07-31,Atrasada
88,88,1089,Mercedes,2018-01-22,2025-01-31,2025-07-31,Atrasada
89,89,1090,Mercedes,2016-06-26,2025-01-31,2025-07-31,Atrasada
90,90,1091,Mercedes,2021-03-03,2025-01-31,2025-07-31,Atrasada
91,91,1092,Mercedes,2015-01-05,2025-07-31,2026-01-31,Atrasada
92,92,1093,Scania,2013-01-08,2025-07-31,2026-01-31,Atrasada
93,93,1094,Scania,2015-12-29,2025-01-31,2025-07-31,Atrasada
94,94,1095,Scania,2018-01-04,2025-07-31,2026-01-31,Atrasada
95,95,1096,Volvo,2015-11-19,2026-01-31,2026-07-31,Ok
96,96,1097,Scania,2020-03-13,2026-01-31,2026-07-31,Ok
97,97,1098,Volvo,2017-05-17,2026-01-31,2026-07-31,Ok
98,98,1099,Mercedes,2013-05-08,2025-07-31,2026-01-31,Atrasada
99,99,10100,Scania,2018-06-03,2026-01-31,2026-07-31,Ok
