,Unnamed: 0,Número_Caminhão,rotas,Distância_km,Tempo_estimado_horas,Tipo_De_Carga,Frequência
0,0,1001,Uberlândia-Catalão,190,2.38,consumo,díaria
1,1,1002,Uberlândia-Araguari,30,0.38,industrial,díaria
2,2,1003,Uberlândia-Uberaba,110,1.38,consumo,mensal
3,3,1004,Uberlândia-Goiânia,330,4.12,agrícola,díaria
4,4,1005,Uberlândia-Araguari,30,0.38,agrícola,díaria
5,5,1006,Uberlândia-Brasília,430,5.38,consumo,semanal
6,6,1007,Uberlândia-São_Paulo,585,7.31,consumo,díaria
7,7,1008,Uberlândia-São_Paulo,585,7.31,agrícola,díaria
8,8,1009,Uberlândia-Catalão,190,2.38,industrial,díaria
9,9,1010,Uberlândia-São_Paulo,585,7.31,industrial,díaria
10,10,1011,Uberlândia-Catalão,190,2.38,agrícola,díaria
11,11,1012,Uberlândia-Araguari,30,0.38,agrícola,mensal
12,12,1013,Uberlândia-São_Paulo,585,7.31,consumo,semanal
13,13,1014,Uberlândia-Araguari,30,0.38,industrial,mensal
14,14,1015,Uberlândia-São_Paulo,585,7.31,consumo,mensal
15,15,1016,Uberlândia-Belo_Horizonte,540,6.75,industrial,díaria
16,16,1017,Uberlândia-Araguari,30,0.38,industrial,semanal
17,17,1018,Uberlândia-Goiânia,330,4.12,agrícola,semanal
18,18,1019,Uberlândia-Brasília,430,5.38,agrícola,díaria
19,19,1020,Uberlândia-Belo_Horizonte,540,6.75,consumo,semanal
20,20,1021,Uberlândia-Goiânia,330,4.12,agrícola,semanal
21,21,1022,Uberlândia-Ribeirão_Preto,300,3.75,industrial,díaria
22,22,1023,Uberlândia-Belo_Horizonte,540,6.75,consumo,mensal
23,23,1024,Uberlândia-Brasília,430,5.38,industrial,díaria
24,24,1025,Uberlândia-Ribeirão_Preto,300,3.75,agrícola,díaria
25,25,1026,Uberlândia-Uberaba,110,1.38,industrial,mensal
26,26,1027,Uberlândia-Belo_Horizonte,540,6.75,industrial,mensal
27,27,1028,Uberlândia-Belo_Horizonte,540,6.75,consumo,mensal
28,28,1029,Uberlândia-Belo_Horizonte,540,6.75,industrial,semanal
29,29,1030,Uberlândia-Belo_Horizonte,540,6.75,consumo,semanal
30,30,1031,Uberlândia-Catalão,190,2.38,agrícola,semanal
31,31,1032,Uberlândia-Uberaba,110,1.38,agrícola,díaria
32,32,1033,Uberlândia-São_Paulo,585,7.31,consumo,semanal
33,33,1034,Uberlândia-Rio_de_Janeiro,985,12.31,consumo,díaria
34,34,1035,Uberlândia-Brasília,430,5.38,agrícola,semanal
35,35,1036,Uberlândia-Uberaba,110,1.38,agrícola,mensal
36,36,1037,Uberlândia-Uberaba,110,1.38,agrícola,semanal
37,37,1038,Uberlândia-Catalão,190,2.38,industrial,mensal
38,38,1039,Uberlândia-Rio_de_Janeiro,985,12.31,consumo,díaria
39,39,1040,Uberlândia-Rio_de_Janeiro,985,12.31,agrícola,mensal
40,40,1041,Uberlândia-Rio_de_Janeiro,985,12.31,agrícola,mensal
41,41,1042,Uberlândia-Ribeirão_Preto,300,3.75,consumo,mensal
42,42,1043,Uberlândia-Araguari,30,0.38,consumo,díaria
43,43,1044,Uberlândia-Belo_Horizonte,540,6.75,industrial,mensal
44,44,1045,Uberlândia-São_Paulo,585,7.31,consumo,mensal
45,45,1046,Uberlândia-Brasília,430,5.38,consumo,mensal
46,46,1047,Uberlândia-São_Paulo,585,7.31,consumo,semanal
47,47,1048,Uberlândia-Belo_Horizonte,540,6.75,agrícola,mensal
48,48,1049,Uberlândia-Rio_de_Janeiro,985,12.31,agrícola,mensal
49,49,1050,Uberlândia-Goiânia,330,4.12,industrial,semanal
50,50,1051,Uberlândia-Brasília,430,5.38,industrial,díaria
51,51,1052,Uberlândia-Rio_de_Janeiro,985,12.31,consumo,semanal
52,52,1053,Uberlândia-Rio_de_Janeiro,985,12.31,industrial,mensal
53,53,1054,Uberlândia-Belo_Horizonte,540,6.75,consumo,díaria
54,54,1055,Uberlândia-Araguari,30,0.38,industrial,semanal
55,55,1056,Uberlândia-Rio_de_Janeiro,985,12.31,industrial,semanal
56,56,1057,Uberlândia-Ribeirão_Preto,300,3.75,agrícola,mensal
57,57,1058,Uberlândia-Ribeirão_Preto,300,3.75,agrícola,semanal
58,58,1059,Uberlândia-Belo_Horizonte,540,6.75,consumo,semanal
59,59,1060,Uberlândia-Brasília,430,5.38,consumo,mensal
60,60,1061,Uberlândia-Brasília,430,5.38,industrial,díaria
61,61,1062,Uberlândia-Goiânia,330,4.12,agrícola,díaria
62,62,1063,Uberlândia-Ribeirão_Preto,300,3.75,agrícola,semanal
63,63,1064,Uberlândia-Belo_Horizonte,540,6.75,agrícola,díaria
64,64,1065,Uberlândia-Goiânia,330,4.12,consumo,díaria
65,65,1066,Uberlândia-Catalão,190,2.38,agrícola,díaria
66,66,1067,Uberlândia-Brasília,430,5.38,consumo,mensal
67,67,1068,Uberlândia-São_Paulo,585,7.31,consumo,semanal
68,68,1069,Uberlândia-Brasília,430,5.38,consumo,semanal
69,69,1070,Uberlândia-Brasília,430,5.38,industrial,semanal
70,70,1071,Uberlândia-Rio_de_Janeiro,985,12.31,agrícola,mensal
71,71,1072,Uberlândia-São_Paulo,585,7.31,consumo,semanal
72,72,1073,Uberlândia-Rio_de_Janeiro,985,12.31,agrícola,mensal
73,73,1074,Uberlândia-Goiânia,330,4.12,industrial,díaria
74,74,1075,Uberlândia-Belo_Horizonte,540,6.75,industrial,díaria
75,75,1076,Uberlândia-Rio_de_Janeiro,985,12.31,industrial,díaria
76,76,1077,Uberlândia-Ribeirão_Preto,300,3.75,industrial,díaria
77,77,1078,Uberlândia-Araguari,30,0.38,consumo,semanal
78,78,1079,Uberlândia-Rio_de_Janeiro,985,12.31,agrícola,díaria
79,79,1080,Uberlândia-São_Paulo,585,7.31,industrial,semanal
80,80,1081,Uberlândia-Catalão,190,2.38,agrícola,semanal
81,81,1082,Uberlândia-Catalão,190,2.38,agrícola,mensal
82,82,1083,Uberlândia-Goiânia,330,4.12,industrial,semanal
83,83,1084,Uberlândia-Brasília,430,5.38,consumo,díaria
84,84,1085,Uberlândia-Belo_Horizonte,540,6.75,industrial,semanal
85,85,1086,Uberlândia-Araguari,30,0.38,agrícola,semanal
86,86,1087,Uberlândia-Brasília,430,5.38,agrícola,semanal
87,87,1088,Uberlândia-São_Paulo,585,7.31,agrícola,semanal
88,88,1089,Uberlândia-Araguari,30,0.38,industrial,díaria
89,89,1090,Uberlândia-Araguari,30,0.38,agrícola,díaria
90,90,1091,Uberlândia-Catalão,190,2.38,industrial,díaria
91,91,1092,Uberlândia-São_Paulo,585,7.31,industrial,díaria
92,92,1093,Uberlândia-Catalão,190,2.38,consumo,mensal
93,93,1094,Uberlândia-Catalão,190,2.38,agrícola,díaria
94,94,1095,Uberlândia-São_Paulo,585,7.31,consumo,semanal
95,95,1096,Uberlândia-Ribeirão_Preto,300,3.75,agrícola,díaria
96,96,1097,Uberlândia-Belo_Horizonte,540,6.75,agrícola,mensal
97,97,1098,Uberlândia-Rio_de_Janeiro,985,12.31,industrial,díaria
98,98,1099,Uberlândia-Brasília,430,5.38,agrícola,mensal
99,99,10100,Uberlândia-São_Paulo,585,7.31,industrial,mensal
